{" OOXOXXOX ": 0.3, " OOXOXX   ": 0.081, " OOX X    ": -0.284691, " O   X    ": -0.07273314, " OXOXXO   ": -0.3, " OXOX     ": -0.081, " O  X     ": -0.02187, " OO   X  X": -0.3, " O       X": -0.081, " OOO      ": 0.3, " OO       ": 0.081, " O        ": 0.7491457826666877, "  OXOX    ": -0.3, "  O  X    ": -0.081, " O OXX    ": -0.3, "   O X    ": -0.081, " OOO XX   ": 0.9999999999999999, " OO   X   ": 0.8639598570846726, " OOXOOXXXO": 0.9999999999999999, " OOXOOX X ": -0.2377792554004558, " OOXO X   ": -0.4899819444184135, " OOO X X  ": 0.9999999999999999, " OO  X    ": 0.8824988304017057, " OOO X   X": 0.9999999999999999, " OOXOOXX  ": -0.44252699999999995, " OOXO  X  ": -0.32026458, " OO    X  ": 0.8984101333037124, " OOXXOOXXO": 0.9999999999999999, " OOXXOO X ": 0.2073548641498188, " OOXXO    ": 0.5986468677626674, " OO X     ": 0.7915198456385344, " OOXOXOOXX": 0.9999999999999999, " OOXOXO  X": -0.24329999999999996, " OOXOX    ": -0.018233099999999995, " OOX      ": -0.0036829079999999978, " OOO  XX  ": 0.9999999999999999, " OOO    XX": 0.9999999999999999, " OO     X ": 0.8356459085556867, " OOO  X X ": 0.9999999999999999, " OOOX   X ": 0.9999999999999999, " OOOX X   ": 0.9999999999999999, " OXXOOOX  ": 0.9999999999999999, " O XOO X  ": 0.081, " O XO     ": -0.0024275700000000004, " OOOXX    ": 0.9999999999999999, " OOO   XX ": 0.9999999999999999, " OXOOOXOXX": 0.9999999999999999, " OXOOO  XX": -0.24329999999999996, " OXOO    X": 0.02187, " OXO      ": -0.010709738999999996, " OOXOO XX ": -0.11443871761709107, " OOX O X  ": 0.8999999999999998, " OOXO XXO ": -0.51, " OOOX  X  ": 0.9999999999999999, " OXOOOXXXO": 0.9999999999999999, " OXOOOX X ": 0.8999999999999998, " OXOO X   ": 0.02187, " OOO  X  X": 0.9999999999999999, " OO      X": 0.8172164344090317, " OOXOXO X ": -0.20360999999999996, " OXOO   X ": -0.06569099999999999, " OOXOO  XX": -0.51, " OOXO   X ": -0.081, " OOX OO XX": -0.21, " OOX O   X": -0.4531280374658459, " O X O    ": -0.02187, " OOO X  X ": 0.9999999999999999, " OXOOO XX ": -0.20360999999999996, " OX OO  X ": 0.874651337630183, " OX O     ": -0.06077221830000001, " OOO   X X": 0.9999999999999999, " OOOX    X": 0.9999999999999999, " OOXO O XX": -0.17582699999999993, " OOXO    X": -0.4173249895503, " OXXOOO X ": 0.9999999999999999, " OXXOO    ": 0.8999999999999998, " OXOOX    ": -0.3, " OOX O OXX": -0.3, " OOX O  X ": -0.081, " OXXO O   ": 0.1377, " O X  O   ": -0.016067889000000002, " OXOXOXO  ": 0.9999999999999999, " OXO OX   ": 0.45015464848866943, " OX  O    ": 0.745658361437216, " OXOOOXXOX": 0.0, " OXOOOXX  ": 0.4118091972482776, " OXOOOX  X": 0.328087447455217, " OXO O   X": -0.009262286720520353, " OOX  O X ": -0.04747328999999998, " OOXXOOXOX": 0.9999999999999999, " OOXXOOX  ": 0.31347, " OOXOO X X": -0.3, " OOX OX   ": -0.3609040870050517, " OOX XO   ": -0.06569099999999999, " OOXXOXOXO": 0.9999999999999999, " OOXXOXO  ": -0.47030999999999995, " OOXXXOOXO": 0.0, " OOXXXOO  ": 0.0, " OOX X O  ": 0.34600511836516246, " OXOXOOOXX": 0.9999999999999999, " OXOXOO  X": 0.4327399063537749, " OXO O X  ": -0.05497469999999999, " OOX  OX  ": -0.33098088, " OOXO OXX ": -0.3, " O XO O X ": -0.081, " OOXOX OX ": 0.9999999999999999, " OOX   OX ": 0.7425842222612224, " O X   O  ": 0.8652987322500667, " OX OOOXX ": 0.9999999999999999, " OX OO X  ": 0.8130890101790179, " OOXOX O X": 0.9999999999999999, " OXXO  O  ": 0.9999999999999999, " OOX  XO  ": 0.7575166339859091, " OOX OOXX ": -0.3, " OOX   O X": -0.39145424580599997, " OOXXO OX ": 0.17627260625653562, " OOXO OX X": -0.94235199, " OOXXOX O ": 0.9802267325699999, " O XO XO  ": 0.9999999999999999, " O XO  O X": 0.9999999999999999, " OXOXO    ": 0.6831672511998187, " OOXX XOO ": -0.51, " OOXX  O  ": -0.081, " OOXXO XO ": 0.9999999999999999, " OOX   XO ": -0.10835399999999995, " OOXOXXO  ": 0.9999999999999999, " OXXOOO  X": 0.9999999999999999, " OXXXOOOOX": 0.0, " OXXXOOO  ": 0.35085035713604473, " O XXO O  ": -0.081, " OOXXO O X": -0.3, " OOX OXXO ": 0.9999999999999999, " OOXO XOX ": 0.9999999999999999, " OOXXOOOXX": 0.0, " OOXX OO X": 0.0, " O XX OO  ": 0.10556594265850835, " OXXOOXO  ": 0.9999999999999999, " OXOXOOXOX": 0.0, " OOXO  OXX": 0.9999999999999999, " OXOXOOXXO": 0.9999999999999999, " OXOXOOX  ": 0.8295323943656372, " OXOXOO X ": 0.8999999999999998, " OOXXOO  X": 0.35914617828347284, " OXOOO X X": -0.3, " OOX  X O ": -0.394656891, " OOXOXX O ": -0.3, " OOX   X O": -0.3, " OX OOO XX": 0.9999999999999999, " OOX XOO X": 0.14663274193809533, " OOX  O  X": 0.06389674999890772, " OOX OOX X": -0.6410475319400473, " OOXXXOOOX": 0.0, " OOXO XX O": -0.31289758205927554, " OOX  X  O": -0.3808109890574997, " OOX  OOXX": 0.42418567186487843, " OOXX OOX ": 0.0, " OOX  OXOX": -0.9339403641191248, " OOXO X XO": 0.8999999999999998, " OOXXOX  O": 0.9999999999999999, " OXO OO XX": -0.12189547389, " OOXOXXOXO": 0.9999999999999999, " OOXOXX  O": -0.8761559382266892, " OX OOOX X": 0.9999999999999999, " OOX O XOX": 0.9999999999999999, " OOX XXO O": -0.8745711942195461, " OXO OOX X": -0.3, " OOX XX OO": -0.882351, " OOX OXX O": 0.9999999999999999, " OX OO   X": 0.8914304873154356, " OOX O XXO": 0.9999999999999999, " OXXXOOOXO": 0.9999999999999999, " XO OX    ": -0.3, "    OX    ": -0.081, " OOXOX  OX": -0.3, " OOX    OX": -0.3567, " O X XO   ": -0.3, "     XO   ": -0.081, " OOX OXOX ": -0.3, " OOX OX XO": 0.51, " OOXO  XOX": -0.3, "     X O  ": -0.3, " XO  X  O ": -0.3, "     X  O ": -0.081, " OOXX XO O": 0.12584053562609993, " O X X   O": -0.3, "     X   O": -0.081}